"Dir","Seq","Bytes"
"WRITE","4","0x60284000"
"WRITE","4","0x00000000"
"WRITE","4","0x000030A1"
"WRITE","4","0xFCFC4000"
"WRITE","4","0x60100001"
"WRITE","4","0x60000005"
"WRITE","4","0xFCFC4000"
"WRITE","4","0x62147971"
"WRITE","4","0x62187150"
"WRITE","4","0x60282000"
"WRITE","4","0xFCFC2000"
"WRITE","34","0x90C8000000000000000005490448054AC1F8BC06101AA1F8C00600F065B82000926C"
"WRITE","34","0x90E8200066402000DA002DE9F04106463A480D460268140C97B200223946204600F0"
"WRITE","34","0x910879F82946304600F07AF801223946204600F070F83148D0F80C05B0F5805F09D9"
"WRITE","34","0x91282F480088002805D02E490220A1F80201A1F81401BDE8F08110B5284C0146D4F8"
"WRITE","34","0x9148EC0504F2EC5400F05FF8206800F061F800F064F821680844206010BD2DE9F84F"
"WRITE","34","0x916882461D4888461646816899460D0C8FB20A9C00223946284600F03CF84B463246"
"WRITE","34","0x918841465046009400F04EF801223946284600F030F8124806EB48014088201A401E"
"WRITE","34","0x91A8C880BDE8F88F10B50022AFF2C3010E4800F03EF8084C0022AFF2830120600B48"
"WRITE","34","0x91C800F036F80022AFF26B016060084800F02FF8A06010BD00002000926020006640"
"WRITE","34","0x91E82000D9004000B0000000EEAF0000D86B000001F549F2417CC0F2000C60474EF6"
"WRITE","34","0x9208AF6CC0F2000C60474DF2835CC0F2000C60474DF2B16CC0F2000C60474DF2C16C"
"WRITE","34","0x9228C0F2000C604740F2F51CC0F2000C60474BF6535CC0F2000C6047000000000000"
"WRITE","18","0x9248000000000000000030A101CB00000026"
"WRITE","4","0xFCFC2000"
"WRITE","4","0x0E000101"
"WRITE","6","0x0E50010000FF"
"WRITE","4","0x0E560100"
"WRITE","8","0x0E5A001B171BF46E"
"WRITE","4","0x0EC00101"
"WRITE","6","0x0EE401010004"
"WRITE","4","0x11B00815"
"WRITE","4","0x11C20815"
"WRITE","4","0x133A0101"
"WRITE","4","0x134201EA"
"WRITE","4","0x1348041A"
"WRITE","4","0x13B4003C"
"WRITE","4","0x13C60002"
"WRITE","4","0x14260003"
"WRITE","4","0x142C000A"
"WRITE","4","0x16C60011"
"WRITE","4","0x16CC0032"
"WRITE","6","0x278201E001EA"
"WRITE","6","0x278803C003B8"
"WRITE","6","0x27A008C008C0"
"WRITE","6","0x27F4003C003C"
"WRITE","6","0x280600020002"
"WRITE","6","0x286600030004"
"WRITE","6","0x286C001A0016"
"WRITE","4","0x2872001D"
"WRITE","6","0x2A5202600197"
"WRITE","6","0x2A58026B01A2"
"WRITE","6","0x2A5E027601AD"
"WRITE","6","0x2A64028101B8"
"WRITE","6","0x2A6A028C01C3"
"WRITE","6","0x2A70029701CE"
"WRITE","6","0x2A7602A201D9"
"WRITE","6","0x2A7C02AD01E4"
"WRITE","6","0x2A8202B801EF"
"WRITE","6","0x2A8802C30297"
"WRITE","6","0x2A8E02CE02A2"
"WRITE","6","0x2B060053001E"
"WRITE","6","0x2B0C009B0047"
"WRITE","4","0x2B12009B"
"WRITE","4","0x3BC20100"
"WRITE","8","0x3BD430050505070C"
"WRITE","6","0x3BDE0D0F0701"
"WRITE","4","0x3BFA19EC"
"WRITE","6","0x3D2C8007000C"
"WRITE","6","0x3D32013006C0"
"WRITE","14","0x3DC206DE05A0076C0064076C06E0"
"WRITE","4","0x3F6C0000"
"WRITE","4","0x3F92049E"
"WRITE","4","0x3FA40000"
"WRITE","4","0x3FDC0000"
"WRITE","6","0x520801000000"
"WRITE","4","0x52140066"
"WRITE","4","0x521E0000"
"WRITE","4","0x52280066"
"WRITE","4","0x52320066"
"WRITE","4","0x523C0000"
"WRITE","4","0x52460000"
"WRITE","4","0x52500014"
"WRITE","4","0x525A0033"
"WRITE","4","0x52640000"
"WRITE","4","0x526E0000"
"WRITE","4","0x52780000"
"WRITE","4","0x52820000"
"WRITE","4","0x528C001E"
"WRITE","4","0x52960033"
"WRITE","4","0x52EA0100"
"WRITE","32","0x52F61000100010001000100010001000100010001000100C10101014101C1028"
"WRITE","4","0x53940003"
"WRITE","4","0x53B20100"
"WRITE","4","0x53BE0100"
"WRITE","6","0xD90000010000"
"WRITE","4","0xFCFC4000"
"WRITE","4","0x01120A0A"
"WRITE","6","0x01162B000000"
"WRITE","4","0x021E0000"
"WRITE","4","0x03800001"
"WRITE","4","0x03840001"
"WRITE","4","0x04021010"
"WRITE","12","0x080E030708050A0818060B00"
"WRITE","6","0x0B0601010001"
"WRITE","4","0x0B840201"
"WRITE","4","0xF45C00FF"
"WRITE","8","0xF462001500160013"
"WRITE","4","0xF46C0010"
"WRITE","4","0xF48A0020"
"WRITE","4","0xFCFC4000"
"WRITE","4","0x60000005"
"WRITE","4","0xFCFC2000"
"WRITE","4","0x0D9C000A"
"WRITE","4","0x0EE20060"
"WRITE","6","0x13340A0103F1"
"WRITE","4","0x28740017"
"WRITE","4","0x2B14004E"
"WRITE","4","0x3BC00300"
"WRITE","4","0x3BE20102"
"WRITE","10","0x3BE8000008804D040408"
"WRITE","8","0x3BFC02FD22EF00A5"
"WRITE","4","0x3C040637"
"WRITE","4","0x3D2848AA"
"WRITE","4","0x3D360101"
"WRITE","4","0x42E00100"
"WRITE","34","0x4C840000000000000000000000000000000000000000000000000000000000000000"
"WRITE","34","0x4FC80000000000000000000000000000000000000000000000000000000000000000"
"WRITE","6","0x5A4001000000"
"WRITE","4","0xFCFC4000"
"WRITE","4","0x01140301"
"WRITE","4","0x01361333"
"WRITE","4","0x013E0001"
"WRITE","10","0x030000050001000200D2"
"WRITE","10","0x030C0001000301400001"
"WRITE","22","0x03400B1E24E0000000001F0F0AAF0F880AB000000000"
"WRITE","4","0x03820001"
"WRITE","4","0x03860001"
"WRITE","4","0x04041000"
"WRITE","4","0x09000011"
"WRITE","6","0x0B0201030001"
"WRITE","4","0x0B800100"
"WRITE","10","0x0B880000000000000000"
"WRITE","4","0x60000085"
"WRITE","4","0x62147970"
"WRITE","4","0x01100002"
"WRITE","4","0x01163000"
"WRITE","4","0x01000100"
"WRITE","2","0x030E"
"READ","2","0x0003"
"WRITE","2","0x0310"
"READ","2","0x0140"
"WRITE","2","0x030A"
"READ","2","0x0001"
"WRITE","2","0x0312"
"READ","2","0x0001"
"WRITE","2","0x0308"
"READ","2","0x0008"
"WRITE","2","0x0340"
"READ","2","0x0B1E"
"WRITE","2","0x0340"
"READ","2","0x0B1E"
"WRITE","2","0x0342"
"READ","2","0x24E0"
"WRITE","2","0x0344"
"READ","2","0x0000"
"WRITE","2","0x0346"
"READ","2","0x0000"
"WRITE","2","0x0348"
"READ","2","0x1F0F"
"WRITE","2","0x034A"
"READ","2","0x0AAF"
"WRITE","2","0x034C"
"READ","2","0x0F88"
"WRITE","2","0x034E"
"READ","2","0x0AB0"
"WRITE","2","0x0900"
"READ","1","0x00"
"WRITE","2","0x0901"
"READ","1","0x11"
"WRITE","2","0x0304"
"READ","2","0x0002"
"WRITE","2","0x0306"
"READ","2","0x00D2"
"WRITE","2","0x0302"
"READ","2","0x0001"
"WRITE","2","0x030C"
"READ","2","0x0001"
"WRITE","2","0x0300"
"READ","2","0x0005"
"WRITE","3","0x010001"
"WRITE","2","0x0340"
"READ","2","0x0B1E"
"WRITE","2","0x0342"
"READ","2","0x24E0"
"WRITE","2","0x0344"
"READ","2","0x0000"
"WRITE","2","0x0346"
"READ","2","0x0000"
"WRITE","2","0x0348"
"READ","2","0x1F0F"
"WRITE","2","0x034A"
"READ","2","0x0AAF"
"WRITE","2","0x034C"
"READ","2","0x0F88"
"WRITE","2","0x034E"
"READ","2","0x0AB0"
"WRITE","2","0x0900"
"READ","1","0x00"
"WRITE","2","0x0901"
"READ","1","0x11"
"WRITE","2","0x0304"
"READ","2","0x0002"
"WRITE","2","0x0306"
"READ","2","0x00D2"
"WRITE","2","0x0302"
"READ","2","0x0001"
"WRITE","2","0x030C"
"READ","2","0x0001"
"WRITE","2","0x0300"
"READ","2","0x0005"
"WRITE","3","0x010401"
"WRITE","4","0x03400B2F"
"WRITE","4","0x02020056"
"WRITE","4","0x02000000"
"WRITE","4","0x02040020"
"WRITE","4","0x020E0100"
"WRITE","3","0x010400"
"WRITE","3","0x010401"
"WRITE","4","0x03400B2F"
"WRITE","4","0x0202017F"
"WRITE","4","0x02000000"
"WRITE","4","0x02040020"
"WRITE","4","0x020E0100"
"WRITE","3","0x010400"
"WRITE","3","0x010401"
"WRITE","4","0x03400B2F"
"WRITE","4","0x020202A7"
"WRITE","4","0x02000000"
"WRITE","4","0x02040020"
"WRITE","4","0x020E0100"
"WRITE","3","0x010400"
"WRITE","3","0x010401"
"WRITE","4","0x03400B2F"
"WRITE","4","0x020203D0"
"WRITE","4","0x02000000"
"WRITE","4","0x02040020"
"WRITE","4","0x020E0100"
"WRITE","3","0x010400"
"WRITE","3","0x010401"
"WRITE","4","0x03400B2F"
"WRITE","4","0x020208B9"
"WRITE","4","0x02000000"
"WRITE","4","0x02040020"
"WRITE","4","0x020E0100"
"WRITE","3","0x010400"
"WRITE","3","0x010401"
"WRITE","4","0x03400B7C"
"WRITE","4","0x02020B7A"
"WRITE","4","0x02000000"
"WRITE","4","0x02040026"
"WRITE","4","0x020E0100"
"WRITE","3","0x010400"
"WRITE","3","0x010401"
"WRITE","4","0x03400B33"
"WRITE","4","0x02020B31"
"WRITE","4","0x02000000"
"WRITE","4","0x02040035"
"WRITE","4","0x020E0100"
"WRITE","3","0x010400"
"WRITE","3","0x010401"
"WRITE","4","0x03400B51"
"WRITE","4","0x02020B4F"
"WRITE","4","0x02000000"
"WRITE","4","0x0204003C"
"WRITE","4","0x020E0100"
"WRITE","3","0x010400"
"WRITE","3","0x010401"
"WRITE","4","0x03400B3E"
"WRITE","4","0x02020B3C"
"WRITE","4","0x02000000"
"WRITE","4","0x02040044"
"WRITE","4","0x020E0100"
"WRITE","3","0x010400"
"WRITE","3","0x010401"
"WRITE","4","0x03400B56"
"WRITE","4","0x02020B54"
"WRITE","4","0x02000000"
"WRITE","4","0x0204004B"
"WRITE","4","0x020E0100"
"WRITE","3","0x010400"
"WRITE","3","0x010401"
"WRITE","4","0x03400B3C"
"WRITE","4","0x02020B3A"
"WRITE","4","0x02000000"
"WRITE","4","0x0204005D"
"WRITE","4","0x020E0100"
"WRITE","3","0x010400"
"WRITE","3","0x010401"
"WRITE","4","0x03400B45"
"WRITE","4","0x02020B43"
"WRITE","4","0x02000000"
"WRITE","4","0x0204006E"
"WRITE","4","0x020E0100"
"WRITE","3","0x010400"
"WRITE","3","0x010401"
"WRITE","4","0x03400B35"
"WRITE","4","0x02020B33"
"WRITE","4","0x02000000"
"WRITE","4","0x02040080"
"WRITE","4","0x020E0100"
"WRITE","3","0x010400"
"WRITE","3","0x010401"
"WRITE","4","0x03400B40"
"WRITE","4","0x02020B3E"
"WRITE","4","0x02000000"
"WRITE","4","0x02040091"
"WRITE","4","0x020E0100"
"WRITE","3","0x010400"
"WRITE","3","0x010401"
"WRITE","4","0x03400B37"
"WRITE","4","0x02020B35"
"WRITE","4","0x02000000"
"WRITE","4","0x020400A3"
"WRITE","4","0x020E0100"
"WRITE","3","0x010400"
"WRITE","3","0x010401"
"WRITE","4","0x03400B3F"
"WRITE","4","0x02020B3D"
"WRITE","4","0x02000000"
"WRITE","4","0x020400B4"
"WRITE","4","0x020E0100"
"WRITE","3","0x010400"
"WRITE","3","0x010401"
"WRITE","4","0x03400B39"
"WRITE","4","0x02020B37"
"WRITE","4","0x02000000"
"WRITE","4","0x020400C5"
"WRITE","4","0x020E0100"
"WRITE","3","0x010400"
"WRITE","3","0x010401"
"WRITE","4","0x03400B33"
"WRITE","4","0x02020B31"
"WRITE","4","0x02000000"
"WRITE","4","0x020400D6"
"WRITE","4","0x020E0100"
"WRITE","3","0x010400"
"WRITE","3","0x010401"
"WRITE","4","0x03400B3B"
"WRITE","4","0x02020B39"
"WRITE","4","0x02000000"
"WRITE","4","0x020400E6"
"WRITE","4","0x020E0100"
"WRITE","3","0x010400"
"WRITE","3","0x010401"
"WRITE","4","0x03400B3B"
"WRITE","4","0x02020B39"
"WRITE","4","0x02000000"
"WRITE","4","0x020400F3"
"WRITE","4","0x020E0100"
"WRITE","3","0x010400"
"WRITE","3","0x010401"
"WRITE","4","0x03400B3A"
"WRITE","4","0x02020B38"
"WRITE","4","0x02000000"
"WRITE","4","0x02040100"
"WRITE","4","0x020E0100"
"WRITE","3","0x010400"
"WRITE","3","0x010401"
"WRITE","4","0x03400B3A"
"WRITE","4","0x02020B38"
"WRITE","4","0x02000000"
"WRITE","4","0x0204010D"
"WRITE","4","0x020E0100"
"WRITE","3","0x010400"
"WRITE","3","0x010401"
"WRITE","4","0x03400B39"
"WRITE","4","0x02020B37"
"WRITE","4","0x02000000"
"WRITE","4","0x02040115"
"WRITE","4","0x020E0100"
"WRITE","3","0x010400"
"WRITE","3","0x010401"
"WRITE","4","0x03400B37"
"WRITE","4","0x02020B35"
"WRITE","4","0x02000000"
"WRITE","4","0x0204011D"
"WRITE","4","0x020E0100"
"WRITE","3","0x010400"
"WRITE","3","0x010401"
"WRITE","4","0x03400B36"
"WRITE","4","0x02020B34"
"WRITE","4","0x02000000"
"WRITE","4","0x02040125"
"WRITE","4","0x020E0100"
"WRITE","3","0x010400"
"WRITE","3","0x010401"
"WRITE","4","0x03400B37"
"WRITE","4","0x02020B35"
"WRITE","4","0x02000000"
"WRITE","4","0x02040129"
"WRITE","4","0x020E0100"
"WRITE","3","0x010400"
"WRITE","3","0x010401"
"WRITE","4","0x03400B38"
"WRITE","4","0x02020B36"
"WRITE","4","0x02000000"
"WRITE","4","0x0204012D"
"WRITE","4","0x020E0100"
"WRITE","3","0x010400"
"WRITE","3","0x010401"
"WRITE","4","0x03400B39"
"WRITE","4","0x02020B37"
"WRITE","4","0x02000000"
"WRITE","4","0x02040131"
"WRITE","4","0x020E0100"
"WRITE","3","0x010400"
"WRITE","3","0x010401"
"WRITE","4","0x03400B35"
"WRITE","4","0x02020B33"
"WRITE","4","0x02000000"
"WRITE","4","0x02040134"
"WRITE","4","0x020E0100"
"WRITE","3","0x010400"
"WRITE","3","0x010401"
"WRITE","4","0x03400B3A"
"WRITE","4","0x02020B38"
"WRITE","4","0x02000000"
"WRITE","4","0x02040136"
"WRITE","4","0x020E0100"
"WRITE","3","0x010400"
"WRITE","3","0x010401"
"WRITE","4","0x03400B36"
"WRITE","4","0x02020B34"
"WRITE","4","0x02000000"
"WRITE","4","0x02040139"
"WRITE","4","0x020E0100"
"WRITE","3","0x010400"
"WRITE","3","0x010401"
"WRITE","4","0x03400B36"
"WRITE","4","0x02020B34"
"WRITE","4","0x02000000"
"WRITE","4","0x0204013A"
"WRITE","4","0x020E0100"
"WRITE","3","0x010400"
"WRITE","3","0x010401"
"WRITE","4","0x03400B36"
"WRITE","4","0x02020B34"
"WRITE","4","0x02000000"
"WRITE","4","0x0204013B"
"WRITE","4","0x020E0100"
"WRITE","3","0x010400"
"WRITE","3","0x010401"
"WRITE","4","0x03400B36"
"WRITE","4","0x02020B34"
"WRITE","4","0x02000000"
"WRITE","4","0x0204013C"
"WRITE","4","0x020E0100"
"WRITE","3","0x010400"
"WRITE","3","0x010401"
"WRITE","4","0x03400B35"
"WRITE","4","0x02020B33"
"WRITE","4","0x02000000"
"WRITE","4","0x0204013C"
"WRITE","4","0x020E0100"
"WRITE","3","0x010400"
"WRITE","3","0x03400B30"
"WRITE","4","0x03400B30"
"WRITE","4","0x02020B2E"
"WRITE","4","0x02000000"
"WRITE","4","0x0204013B"
"WRITE","4","0x020E0101"
"WRITE","3","0x010400"
"WRITE","3","0x010401"
"WRITE","4","0x03400B30"
"WRITE","4","0x02020B2E"
"WRITE","4","0x02000000"
"WRITE","4","0x0204013C"
"WRITE","4","0x020E0100"
"WRITE","3","0x010400"
"WRITE","3","0x010401"
"WRITE","4","0x03400B30"
"WRITE","4","0x02020B2E"
"WRITE","4","0x02000000"
"WRITE","4","0x02040139"
"WRITE","4","0x020E0101"
"WRITE","3","0x010400"
"WRITE","3","0x010401"
"WRITE","4","0x03400B30"
"WRITE","4","0x02020B2E"
"WRITE","4","0x02000000"
"WRITE","4","0x02040139"
"WRITE","4","0x020E0100"
"WRITE","3","0x010400"
"WRITE","3","0x010401"
"WRITE","4","0x03400B30"
"WRITE","4","0x02020B2E"
"WRITE","4","0x02000000"
"WRITE","4","0x02040134"
"WRITE","4","0x020E0101"
"WRITE","3","0x010400"
"WRITE","3","0x010401"
"WRITE","4","0x03400B30"
"WRITE","4","0x02020B2E"
"WRITE","4","0x02000000"
"WRITE","4","0x02040132"
"WRITE","4","0x020E0101"
"WRITE","3","0x010400"
"WRITE","3","0x010401"
"WRITE","4","0x03400B30"
"WRITE","4","0x02020B2E"
"WRITE","4","0x02000000"
"WRITE","4","0x02040132"
"WRITE","4","0x020E0100"
"WRITE","3","0x010400"
"WRITE","3","0x010401"
"WRITE","4","0x03400B30"
"WRITE","4","0x02020B2E"
"WRITE","4","0x02000000"
"WRITE","4","0x0204012F"
"WRITE","4","0x020E0100"
"WRITE","3","0x010400"
"WRITE","3","0x010401"
"WRITE","4","0x03400B30"
"WRITE","4","0x02020B2E"
"WRITE","4","0x02000000"
"WRITE","4","0x0204012D"
"WRITE","4","0x020E0100"
"WRITE","3","0x010400"
"WRITE","3","0x010401"
"WRITE","4","0x03400B30"
"WRITE","4","0x02020B2E"
"WRITE","4","0x02000000"
"WRITE","4","0x02040129"
"WRITE","4","0x020E0101"
"WRITE","3","0x010400"
"WRITE","3","0x010401"
"WRITE","4","0x03400B30"
"WRITE","4","0x02020B2E"
"WRITE","4","0x02000000"
"WRITE","4","0x02040126"
"WRITE","4","0x020E0101"
"WRITE","3","0x010400"
"WRITE","3","0x010401"
"WRITE","4","0x03400B30"
"WRITE","4","0x02020B2E"
"WRITE","4","0x02000000"
"WRITE","4","0x02040125"
"WRITE","4","0x020E0100"
"WRITE","3","0x010400"
"WRITE","3","0x010401"
"WRITE","4","0x03400B30"
"WRITE","4","0x02020B2E"
"WRITE","4","0x02000000"
"WRITE","4","0x02040122"
"WRITE","4","0x020E0100"
"WRITE","3","0x010400"
"WRITE","3","0x010401"
"WRITE","4","0x03400B30"
"WRITE","4","0x02020B2E"
"WRITE","4","0x02000000"
"WRITE","4","0x0204011E"
"WRITE","4","0x020E0101"
"WRITE","3","0x010400"
"WRITE","3","0x010401"
"WRITE","4","0x03400B30"
"WRITE","4","0x02020B2E"
"WRITE","4","0x02000000"
"WRITE","4","0x0204011B"
"WRITE","4","0x020E0102"
"WRITE","3","0x010400"
"WRITE","3","0x010401"
"WRITE","4","0x03400B30"
"WRITE","4","0x02020B2E"
"WRITE","4","0x02000000"
"WRITE","4","0x0204011A"
"WRITE","4","0x020E0100"
"WRITE","3","0x010400"
"WRITE","3","0x010401"
"WRITE","4","0x03400B30"
"WRITE","4","0x02020B2E"
"WRITE","4","0x02000000"
"WRITE","4","0x02040117"
"WRITE","4","0x020E0101"
"WRITE","3","0x010400"
"WRITE","3","0x010401"
"WRITE","4","0x03400B30"
"WRITE","4","0x02020B2E"
"WRITE","4","0x02000000"
"WRITE","4","0x02040117"
"WRITE","4","0x020E0100"
"WRITE","3","0x010400"
"WRITE","3","0x010401"
"WRITE","4","0x03400B30"
"WRITE","4","0x02020B2E"
"WRITE","4","0x02000000"
"WRITE","4","0x02040114"
"WRITE","4","0x020E0101"
"WRITE","3","0x010400"
"WRITE","3","0x010401"
"WRITE","4","0x03400B30"
"WRITE","4","0x02020B2E"
"WRITE","4","0x02000000"
"WRITE","4","0x02040116"
"WRITE","4","0x020E0100"
"WRITE","3","0x010400"
"WRITE","3","0x010401"
"WRITE","4","0x03400B30"
"WRITE","4","0x02020B2E"
"WRITE","4","0x02000000"
"WRITE","4","0x02040115"
"WRITE","4","0x020E0101"
"WRITE","3","0x010400"
"WRITE","3","0x010401"
"WRITE","4","0x03400B30"
"WRITE","4","0x02020B2E"
"WRITE","4","0x02000000"
"WRITE","4","0x02040116"
"WRITE","4","0x020E0100"
"WRITE","3","0x010400"
