"Clock","Addr","Dir","Seq","Bytes","TxDir","TimeDiffTicks"
"134287964847872934","0x4D","WRITE","1","0xD0","FromDevice","3084"
"134287964847876214","0x4D","READ","1","0xD0","FromDevice","196"
"134287964847878898","0x4D","WRITE","1","0x0D","ToDevice","124"
"134287964847881346","0x4D","READ","1","0xD0","FromDevice","166"
"134287964847883763","0x4D","WRITE","2","0x0DD0","ToDevice","84"
"134287964847886155","0x4D","WRITE","1","0x0F","ToDevice","67"
"134287964847888166","0x4D","READ","1","0x00","FromDevice","131"
"134287964847890625","0x4D","WRITE","2","0x0F0A","ToDevice","82"
"134287964847893029","0x4D","WRITE","2","0x0DD1","ToDevice","110"
"134287964847895545","0x4D","WRITE","1","0x43","ToDevice","134"
"134287964847897792","0x4D","READ","1","0x00","FromDevice","87"
"134287964847899887","0x4D","WRITE","1","0x43","ToDevice","70"
"134287964847901923","0x4D","READ","1","0x00","FromDevice","78"
"134287964847904179","0x4D","WRITE","2","0x4302","ToDevice","63"
"134287964847906451","0x4D","WRITE","2","0x4175","ToDevice","62"
"134287964847908521","0x4D","WRITE","2","0x4034","ToDevice","58"
"134287964847910744","0x4D","WRITE","2","0x4206","ToDevice","59"
"134287964847913066","0x4D","WRITE","2","0x3C6D","ToDevice","69"
"134287964847915520","0x4D","WRITE","2","0x3F34","ToDevice","62"
"134287964847917840","0x4D","WRITE","1","0x47","ToDevice","114"
"134287964847920171","0x4D","READ","1","0x00","FromDevice","128"
"134287964847922481","0x4D","WRITE","2","0x4701","ToDevice","104"
"134287964847924938","0x4D","WRITE","1","0x48","ToDevice","100"
"134287964847927160","0x4D","READ","1","0x04","FromDevice","115"
"134287964847929565","0x4D","WRITE","2","0x4805","ToDevice","111"
"134287964847932105","0x4D","WRITE","1","0x44","ToDevice","85"
"134287964847934297","0x4D","READ","1","0x00","FromDevice","99"
"134287964847936479","0x4D","WRITE","2","0x4401","ToDevice","76"
"134287964847938732","0x4D","WRITE","1","0x22","ToDevice","66"
"134287964847940590","0x4D","READ","1","0x00","FromDevice","65"
"134287964847942781","0x4D","WRITE","2","0x2200","ToDevice","66"
"134287964847965685","0x4D","WRITE","2","0x2200","ToDevice","205"
"134287964847968413","0x4D","WRITE","1","0x22","ToDevice","113"
"134287964847970664","0x4D","READ","1","0x00","FromDevice","75"
"134287964847972920","0x4D","WRITE","2","0x2204","ToDevice","84"
"134287964847995677","0x4D","WRITE","2","0x2205","ToDevice","179"
"134287964847998381","0x4D","WRITE","1","0x16","ToDevice","121"
"134287964848000708","0x4D","READ","1","0x00","FromDevice","98"
"134287964848003198","0x4D","WRITE","2","0x1600","ToDevice","71"
"134287964848005552","0x4D","WRITE","1","0x18","ToDevice","85"
"134287964848007627","0x4D","READ","1","0x00","FromDevice","83"
"134287964848009705","0x4D","WRITE","2","0x1800","ToDevice","91"
"134287964848012085","0x4D","WRITE","1","0x43","ToDevice","69"
"134287964848014979","0x4D","READ","1","0x02","FromDevice","201"
"134287964848017731","0x4D","WRITE","1","0x43","ToDevice","127"
"134287964848019880","0x4D","READ","1","0x02","FromDevice","103"
"134287964848022173","0x4D","WRITE","2","0x4303","ToDevice","97"
"134287964848025475","0x4D","WRITE","1","0x01","ToDevice","123"
"134287964848028119","0x4D","READ","1","0x00","FromDevice","100"
"134287964848030456","0x4D","WRITE","1","0x02","ToDevice","80"
"134287964848032580","0x4D","READ","1","0x1F","FromDevice","65"
"134287964848035470","0x4D","WRITE","1","0x03","ToDevice","132"
"134287964848037967","0x4D","READ","1","0x00","FromDevice","87"
"134287964848040152","0x4D","WRITE","1","0x29","ToDevice","94"
"134287964848042684","0x4D","READ","1","0x00","FromDevice","111"
"134287964848046306","0x72","WRITE","1","0xF0","ToDevice","101"
"134287964848048451","0x72","READ","1","0x72","FromDevice","98"
"134287964848061044","0x72","WRITE","1","0xE0","ToDevice","113"
"134287964848063067","0x72","READ","1","0x00","FromDevice","69"
"134287964848065098","0x72","WRITE","2","0xE001","ToDevice","64"
"134287964848087790","0x72","WRITE","1","0xB3","ToDevice","118"
"134287964848090424","0x72","READ","1","0x20","FromDevice","122"
"134287964848113372","0x72","WRITE","1","0xB3","ToDevice","100"
"134287964848116097","0x72","READ","1","0x20","FromDevice","126"
"134287964848138893","0x72","WRITE","1","0xB3","ToDevice","181"
"134287964848141678","0x72","READ","1","0x20","FromDevice","109"
"134287964848164554","0x72","WRITE","1","0xB3","ToDevice","127"
"134287964848167528","0x72","READ","1","0x20","FromDevice","277"
"134287964848189590","0x72","WRITE","1","0xB3","ToDevice","68"
"134287964848191570","0x72","READ","1","0x20","FromDevice","52"
"134287964848213684","0x72","WRITE","1","0xB3","ToDevice","40"
"134287964848215587","0x72","READ","1","0x20","FromDevice","43"
"134287964848237583","0x72","WRITE","1","0xB3","ToDevice","42"
"134287964848239508","0x72","READ","1","0x20","FromDevice","71"
"134287964848261588","0x72","WRITE","1","0xB3","ToDevice","48"
"134287964848263508","0x72","READ","1","0x20","FromDevice","39"
"134287964848285469","0x72","WRITE","1","0xB3","ToDevice","45"
"134287964848287444","0x72","READ","1","0x20","FromDevice","39"
"134287964848309385","0x72","WRITE","1","0xB3","ToDevice","84"
"134287964848311973","0x72","READ","1","0x20","FromDevice","127"
"134287964848334867","0x72","WRITE","1","0xB3","ToDevice","67"
"134287964848337009","0x72","READ","1","0x00","FromDevice","109"
"134287964848339187","0x72","WRITE","1","0x0A","ToDevice","74"
"134287964848341308","0x72","READ","2","0x2174","FromDevice","114"
"134287964848345275","0x10","WRITE","4","0x60284000","ToDevice","57"
"134287964848348215","0x10","WRITE","4","0x00000000","ToDevice","72"
"134287964848351207","0x10","WRITE","4","0x000030A1","ToDevice","130"
"134287964848354403","0x10","WRITE","4","0xFCFC4000","ToDevice","122"
"134287964848357637","0x10","WRITE","4","0x60100001","ToDevice","118"
"134287964848390338","0x10","WRITE","4","0x60000005","ToDevice","47"
"134287964848393119","0x10","WRITE","4","0xFCFC4000","ToDevice","50"
"134287964848396474","0x10","WRITE","4","0x62147971","ToDevice","122"
"134287964848399644","0x10","WRITE","4","0x62187150","ToDevice","114"
"134287964848402324","0x10","WRITE","4","0x60282000","ToDevice","94"
"134287964848404999","0x10","WRITE","4","0xFCFC2000","ToDevice","36"
"134287964848407926","0x10","WRITE","34","0x90C8000000000000000005490448054AC1F8BC06101AA1F8C00600F065B82000926C","ToDevice","131"
"134287964848418512","0x10","WRITE","34","0x90E8200066402000DA002DE9F04106463A480D460268140C97B200223946204600F0","ToDevice","119"
"134287964848428390","0x10","WRITE","34","0x910879F82946304600F07AF801223946204600F070F83148D0F80C05B0F5805F09D9","ToDevice","110"
"134287964848438137","0x10","WRITE","34","0x91282F480088002805D02E490220A1F80201A1F81401BDE8F08110B5284C0146D4F8","ToDevice","47"
"134287964848448298","0x10","WRITE","34","0x9148EC0504F2EC5400F05FF8206800F061F800F064F821680844206010BD2DE9F84F","ToDevice","105"
"134287964848458353","0x10","WRITE","34","0x916882461D4888461646816899460D0C8FB20A9C00223946284600F03CF84B463246","ToDevice","188"
"134287964848468345","0x10","WRITE","34","0x918841465046009400F04EF801223946284600F030F8124806EB48014088201A401E","ToDevice","150"
"134287964848478270","0x10","WRITE","34","0x91A8C880BDE8F88F10B50022AFF2C3010E4800F03EF8084C0022AFF2830120600B48","ToDevice","118"
"134287964848489159","0x10","WRITE","34","0x91C800F036F80022AFF26B016060084800F02FF8A06010BD00002000926020006640","ToDevice","119"
"134287964848499487","0x10","WRITE","34","0x91E82000D9004000B0000000EEAF0000D86B000001F549F2417CC0F2000C60474EF6","ToDevice","63"
"134287964848509357","0x10","WRITE","34","0x9208AF6CC0F2000C60474DF2835CC0F2000C60474DF2B16CC0F2000C60474DF2C16C","ToDevice","43"
"134287964848519206","0x10","WRITE","34","0x9228C0F2000C604740F2F51CC0F2000C60474BF6535CC0F2000C6047000000000000","ToDevice","40"
"134287964848529483","0x10","WRITE","18","0x9248000000000000000030A101CB00000026","ToDevice","77"
"134287964848535622","0x10","WRITE","4","0xFCFC2000","ToDevice","74"
"134287964848538083","0x10","WRITE","4","0x0E000101","ToDevice","40"
"134287964848541213","0x10","WRITE","6","0x0E50010000FF","ToDevice","44"
"134287964848544385","0x10","WRITE","4","0x0E560100","ToDevice","42"
"134287964848547181","0x10","WRITE","8","0x0E5A001B171BF46E","ToDevice","38"
"134287964848550701","0x10","WRITE","4","0x0EC00101","ToDevice","38"
"134287964848553324","0x10","WRITE","6","0x0EE401010004","ToDevice","37"
"134287964848556589","0x10","WRITE","4","0x11B00815","ToDevice","37"
"134287964848559399","0x10","WRITE","4","0x11C20815","ToDevice","40"
"134287964848561937","0x10","WRITE","4","0x133A0101","ToDevice","36"
"134287964848564539","0x10","WRITE","4","0x134201EA","ToDevice","37"
"134287964848567521","0x10","WRITE","4","0x1348041A","ToDevice","36"
"134287964848570275","0x10","WRITE","4","0x13B4003C","ToDevice","34"
"134287964848572914","0x10","WRITE","4","0x13C60002","ToDevice","39"
"134287964848576071","0x10","WRITE","4","0x14260003","ToDevice","41"
"134287964848578771","0x10","WRITE","4","0x142C000A","ToDevice","40"
"134287964848581325","0x10","WRITE","4","0x16C60011","ToDevice","38"
"134287964848584124","0x10","WRITE","4","0x16CC0032","ToDevice","38"
"134287964848586735","0x10","WRITE","6","0x278201E001EA","ToDevice","40"
"134287964848589803","0x10","WRITE","6","0x278803C003B8","ToDevice","39"
"134287964848593114","0x10","WRITE","6","0x27A008C008C0","ToDevice","40"
"134287964848596427","0x10","WRITE","6","0x27F4003C003C","ToDevice","39"
"134287964848599530","0x10","WRITE","6","0x280600020002","ToDevice","44"
"134287964848602768","0x10","WRITE","6","0x286600030004","ToDevice","39"
"134287964848605872","0x10","WRITE","6","0x286C001A0016","ToDevice","39"
"134287964848609043","0x10","WRITE","4","0x2872001D","ToDevice","81"
"134287964848611669","0x10","WRITE","6","0x2A5202600197","ToDevice","42"
"134287964848615109","0x10","WRITE","6","0x2A58026B01A2","ToDevice","95"
"134287964848618520","0x10","WRITE","6","0x2A5E027601AD","ToDevice","41"
"134287964848622198","0x10","WRITE","6","0x2A64028101B8","ToDevice","39"
"134287964848625884","0x10","WRITE","6","0x2A6A028C01C3","ToDevice","72"
"134287964848629444","0x10","WRITE","6","0x2A70029701CE","ToDevice","45"
"134287964848633021","0x10","WRITE","6","0x2A7602A201D9","ToDevice","42"
"134287964848636665","0x10","WRITE","6","0x2A7C02AD01E4","ToDevice","39"
"134287964848640875","0x10","WRITE","6","0x2A8202B801EF","ToDevice","116"
"134287964848645705","0x10","WRITE","6","0x2A8802C30297","ToDevice","104"
"134287964848649195","0x10","WRITE","6","0x2A8E02CE02A2","ToDevice","47"
"134287964848653029","0x10","WRITE","6","0x2B060053001E","ToDevice","66"
"134287964848656532","0x10","WRITE","6","0x2B0C009B0047","ToDevice","46"
"134287964848660292","0x10","WRITE","4","0x2B12009B","ToDevice","39"
"134287964848663295","0x10","WRITE","4","0x3BC20100","ToDevice","39"
"134287964848666318","0x10","WRITE","8","0x3BD430050505070C","ToDevice","39"
"134287964848670307","0x10","WRITE","6","0x3BDE0D0F0701","ToDevice","39"
"134287964848673774","0x10","WRITE","4","0x3BFA19EC","ToDevice","39"
"134287964848677264","0x10","WRITE","6","0x3D2C8007000C","ToDevice","38"
"134287964848680871","0x10","WRITE","6","0x3D32013006C0","ToDevice","38"
"134287964848684387","0x10","WRITE","14","0x3DC206DE05A0076C0064076C06E0","ToDevice","39"
"134287964848689969","0x10","WRITE","4","0x3F6C0000","ToDevice","43"
"134287964848693735","0x10","WRITE","4","0x3F92049E","ToDevice","110"
"134287964848696946","0x10","WRITE","4","0x3FA40000","ToDevice","50"
"134287964848700023","0x10","WRITE","4","0x3FDC0000","ToDevice","38"
"134287964848702670","0x10","WRITE","6","0x520801000000","ToDevice","39"
"134287964848705973","0x10","WRITE","4","0x52140066","ToDevice","37"
"134287964848708378","0x10","WRITE","4","0x521E0000","ToDevice","37"
"134287964848711490","0x10","WRITE","4","0x52280066","ToDevice","39"
"134287964848714054","0x10","WRITE","4","0x52320066","ToDevice","36"
"134287964848716866","0x10","WRITE","4","0x523C0000","ToDevice","37"
"134287964848719470","0x10","WRITE","4","0x52460000","ToDevice","37"
"134287964848722039","0x10","WRITE","4","0x52500014","ToDevice","39"
"134287964848724589","0x10","WRITE","4","0x525A0033","ToDevice","36"
"134287964848727351","0x10","WRITE","4","0x52640000","ToDevice","37"
"134287964848731012","0x10","WRITE","4","0x526E0000","ToDevice","104"
"134287964848734277","0x10","WRITE","4","0x52780000","ToDevice","102"
"134287964848737077","0x10","WRITE","4","0x52820000","ToDevice","114"
"134287964848739921","0x10","WRITE","4","0x528C001E","ToDevice","68"
"134287964848742943","0x10","WRITE","4","0x52960033","ToDevice","114"
"134287964848745782","0x10","WRITE","4","0x52EA0100","ToDevice","84"
"134287964848748367","0x10","WRITE","32","0x52F61000100010001000100010001000100010001000100C10101014101C1028","ToDevice","77"
"134287964848758698","0x10","WRITE","4","0x53940003","ToDevice","110"
"134287964848761700","0x10","WRITE","4","0x53B20100","ToDevice","99"
"134287964848764494","0x10","WRITE","4","0x53BE0100","ToDevice","91"
"134287964848767797","0x10","WRITE","6","0xD90000010000","ToDevice","85"
"134287964848770907","0x10","WRITE","4","0xFCFC4000","ToDevice","64"
"134287964848773795","0x10","WRITE","4","0x01120A0A","ToDevice","105"
"134287964848776566","0x10","WRITE","6","0x01162B000000","ToDevice","74"
"134287964848779966","0x10","WRITE","4","0x021E0000","ToDevice","90"
"134287964848782749","0x10","WRITE","4","0x03800001","ToDevice","68"
"134287964848785441","0x10","WRITE","4","0x03840001","ToDevice","55"
"134287964848788060","0x10","WRITE","4","0x04021010","ToDevice","45"
"134287964848791089","0x10","WRITE","12","0x080E030708050A0818060B00","ToDevice","76"
"134287964848795824","0x10","WRITE","6","0x0B0601010001","ToDevice","47"
"134287964848798920","0x10","WRITE","4","0x0B840201","ToDevice","39"
"134287964848801697","0x10","WRITE","4","0xF45C00FF","ToDevice","37"
"134287964848804603","0x10","WRITE","8","0xF462001500160013","ToDevice","74"
"134287964848808806","0x10","WRITE","4","0xF46C0010","ToDevice","81"
"134287964848811505","0x10","WRITE","4","0xF48A0020","ToDevice","49"
"134287964848814397","0x10","WRITE","4","0xFCFC4000","ToDevice","70"
"134287964848817077","0x10","WRITE","4","0x60000005","ToDevice","41"
"134287964848819946","0x10","WRITE","4","0xFCFC2000","ToDevice","66"
"134287964848822657","0x10","WRITE","4","0x0D9C000A","ToDevice","45"
"134287964848825320","0x10","WRITE","4","0x0EE20060","ToDevice","39"
"134287964848827869","0x10","WRITE","6","0x13340A0103F1","ToDevice","40"
"134287964848830822","0x10","WRITE","4","0x28740017","ToDevice","38"
"134287964848833715","0x10","WRITE","4","0x2B14004E","ToDevice","78"
"134287964848836336","0x10","WRITE","4","0x3BC00300","ToDevice","40"
"134287964848839355","0x10","WRITE","4","0x3BE20102","ToDevice","66"
"134287964848842061","0x10","WRITE","10","0x3BE8000008804D040408","ToDevice","46"
"134287964848846299","0x10","WRITE","8","0x3BFC02FD22EF00A5","ToDevice","38"
"134287964848849804","0x10","WRITE","4","0x3C040637","ToDevice","36"
"134287964848852618","0x10","WRITE","4","0x3D2848AA","ToDevice","44"
"134287964848855341","0x10","WRITE","4","0x3D360101","ToDevice","71"
"134287964848858067","0x10","WRITE","4","0x42E00100","ToDevice","83"
"134287964848860624","0x10","WRITE","34","0x4C840000000000000000000000000000000000000000000000000000000000000000","ToDevice","44"
"134287964848870847","0x10","WRITE","34","0x4FC80000000000000000000000000000000000000000000000000000000000000000","ToDevice","41"
"134287964848881158","0x10","WRITE","6","0x5A4001000000","ToDevice","75"
"134287964848884258","0x10","WRITE","4","0xFCFC4000","ToDevice","46"
"134287964848886839","0x10","WRITE","4","0x01140301","ToDevice","37"
"134287964848889825","0x10","WRITE","4","0x01361333","ToDevice","70"
"134287964848892449","0x10","WRITE","4","0x013E0001","ToDevice","41"
"134287964848895009","0x10","WRITE","10","0x030000050001000200D2","ToDevice","37"
"134287964848899109","0x10","WRITE","10","0x030C0001000301400001","ToDevice","66"
"134287964848903689","0x10","WRITE","22","0x03400B1E24E0000000001F0F0AAF0F880AB000000000","ToDevice","44"
"134287964848911196","0x10","WRITE","4","0x03820001","ToDevice","89"
"134287964848914019","0x10","WRITE","4","0x03860001","ToDevice","74"
"134287964848916854","0x10","WRITE","4","0x04041000","ToDevice","50"
"134287964848919460","0x10","WRITE","4","0x09000011","ToDevice","37"
"134287964848922348","0x10","WRITE","6","0x0B0201030001","ToDevice","71"
"134287964848925708","0x10","WRITE","4","0x0B800100","ToDevice","71"
"134287964848928175","0x10","WRITE","10","0x0B880000000000000000","ToDevice","39"
"134287964848932398","0x10","WRITE","4","0x60000085","ToDevice","93"
"134287964848935163","0x10","WRITE","4","0x62147970","ToDevice","74"
"134287964848937962","0x10","WRITE","4","0x01100002","ToDevice","75"
"134287964848940589","0x10","WRITE","4","0x01163000","ToDevice","46"
"134287964848943223","0x10","WRITE","4","0x01000100","ToDevice","40"
"134287964848946065","0x10","WRITE","2","0x030E","ToDevice","37"
"134287964848948186","0x10","READ","2","0x0003","FromDevice","41"
"134287964848950455","0x10","WRITE","2","0x0310","ToDevice","36"
"134287964848952823","0x10","READ","2","0x0140","FromDevice","37"
"134287964848955013","0x10","WRITE","2","0x030A","ToDevice","36"
"134287964848957168","0x10","READ","2","0x0001","FromDevice","37"
"134287964848959471","0x10","WRITE","2","0x0312","ToDevice","38"
"134287964848961712","0x10","READ","2","0x0001","FromDevice","85"
"134287964848964014","0x10","WRITE","2","0x0308","ToDevice","54"
"134287964848966257","0x10","READ","2","0x0008","FromDevice","69"
"134287964848968396","0x10","WRITE","2","0x0340","ToDevice","47"
"134287964848970517","0x10","READ","2","0x0B1E","FromDevice","43"
"134287964848973638","0x10","WRITE","2","0x0340","ToDevice","43"
"134287964848975748","0x10","READ","2","0x0B1E","FromDevice","37"
"134287964848978103","0x10","WRITE","2","0x0342","ToDevice","92"
"134287964848980321","0x10","READ","2","0x24E0","FromDevice","43"
"134287964848982746","0x10","WRITE","2","0x0344","ToDevice","43"
"134287964848985018","0x10","READ","2","0x0000","FromDevice","72"
"134287964849007771","0x10","WRITE","2","0x0346","ToDevice","282"
"134287964849010885","0x10","READ","2","0x0000","FromDevice","120"
"134287964849013414","0x10","WRITE","2","0x0348","ToDevice","42"
"134287964849015747","0x10","READ","2","0x1F0F","FromDevice","100"
"134287964849018133","0x10","WRITE","2","0x034A","ToDevice","44"
"134287964849020460","0x10","READ","2","0x0AAF","FromDevice","37"
"134287964849022997","0x10","WRITE","2","0x034C","ToDevice","96"
"134287964849025094","0x10","READ","2","0x0F88","FromDevice","35"
"134287964849027430","0x10","WRITE","2","0x034E","ToDevice","37"
"134287964849029749","0x10","READ","2","0x0AB0","FromDevice","80"
"134287964849032109","0x10","WRITE","2","0x0900","ToDevice","65"
"134287964849034281","0x10","READ","1","0x00","FromDevice","45"
"134287964849036527","0x10","WRITE","2","0x0901","ToDevice","44"
"134287964849038692","0x10","READ","1","0x11","FromDevice","76"
"134287964849040756","0x10","WRITE","2","0x0304","ToDevice","43"
"134287964849043035","0x10","READ","2","0x0002","FromDevice","74"
"134287964849045313","0x10","WRITE","2","0x0306","ToDevice","66"
"134287964849047481","0x10","READ","2","0x00D2","FromDevice","47"
"134287964849049631","0x10","WRITE","2","0x0302","ToDevice","38"
"134287964849051839","0x10","READ","2","0x0001","FromDevice","64"
"134287964849054078","0x10","WRITE","2","0x030C","ToDevice","40"
"134287964849076140","0x10","READ","2","0x0001","FromDevice","178"
"134287964849078887","0x10","WRITE","2","0x0300","ToDevice","317"
"134287964849081219","0x10","READ","2","0x0005","FromDevice","117"
"134287964849111885","0x10","WRITE","3","0x010001","ToDevice","148"
"134287964849115012","0x4D","WRITE","1","0x28","ToDevice","495"
"134287964849117146","0x4D","READ","1","0x00","FromDevice","107"
"134287964849140635","0x4D","WRITE","2","0x2804","ToDevice","289"
"134287964849147745","0x10","WRITE","2","0x0340","ToDevice","169"
"134287964849150676","0x10","READ","2","0x0B1E","FromDevice","149"
"134287964849153751","0x10","WRITE","2","0x0342","ToDevice","100"
"134287964849156446","0x10","READ","2","0x24E0","FromDevice","98"
"134287964849159098","0x10","WRITE","2","0x0344","ToDevice","100"
"134287964849161726","0x10","READ","2","0x0000","FromDevice","98"
"134287964849164642","0x10","WRITE","2","0x0346","ToDevice","99"
"134287964849167382","0x10","READ","2","0x0000","FromDevice","127"
"134287964849170338","0x10","WRITE","2","0x0348","ToDevice","115"
"134287964849172993","0x10","READ","2","0x1F0F","FromDevice","105"
"134287964849175452","0x10","WRITE","2","0x034A","ToDevice","91"
"134287964849177679","0x10","READ","2","0x0AAF","FromDevice","68"
"134287964849199794","0x10","WRITE","2","0x034C","ToDevice","193"
"134287964849203036","0x10","READ","2","0x0F88","FromDevice","181"
"134287964849205755","0x10","WRITE","2","0x034E","ToDevice","107"
"134287964849208010","0x10","READ","2","0x0AB0","FromDevice","74"
"134287964849210275","0x10","WRITE","2","0x0900","ToDevice","62"
"134287964849212694","0x10","READ","1","0x00","FromDevice","76"
"134287964849214790","0x10","WRITE","2","0x0901","ToDevice","62"
"134287964849216999","0x10","READ","1","0x11","FromDevice","59"
"134287964849219201","0x10","WRITE","2","0x0304","ToDevice","64"
"134287964849221711","0x10","READ","2","0x0002","FromDevice","130"
"134287964849224255","0x10","WRITE","2","0x0306","ToDevice","94"
"134287964849226504","0x10","READ","2","0x00D2","FromDevice","59"
"134287964849228725","0x10","WRITE","2","0x0302","ToDevice","101"
"134287964849230938","0x10","READ","2","0x0001","FromDevice","82"
"134287964849233375","0x10","WRITE","2","0x030C","ToDevice","108"
"134287964849235672","0x10","READ","2","0x0001","FromDevice","104"
"134287964849257962","0x10","WRITE","2","0x0300","ToDevice","284"
"134287964849261070","0x10","READ","2","0x0005","FromDevice","131"
"134287964849267514","0x10","WRITE","3","0x010401","ToDevice","93"
"134287964849269963","0x10","WRITE","4","0x03400B2F","ToDevice","67"
"134287964849272676","0x10","WRITE","4","0x02020056","ToDevice","64"
"134287964849275392","0x10","WRITE","4","0x02000000","ToDevice","60"
"134287964849278264","0x10","WRITE","4","0x02040020","ToDevice","108"
"134287964849281400","0x10","WRITE","4","0x020E0100","ToDevice","76"
"134287964849284142","0x10","WRITE","3","0x010400","ToDevice","64"
"134287964851178694","0x72","WRITE","3","0x840186","ToDevice","233"
"134287964851358885","0x10","WRITE","3","0x010401","ToDevice","292"
"134287964851362031","0x10","WRITE","4","0x03400B2F","ToDevice","138"
"134287964851365972","0x10","WRITE","4","0x0202017F","ToDevice","128"
"134287964851369620","0x10","WRITE","4","0x02000000","ToDevice","107"
"134287964851373708","0x10","WRITE","4","0x02040020","ToDevice","110"
"134287964851377499","0x10","WRITE","4","0x020E0100","ToDevice","127"
"134287964851381479","0x10","WRITE","3","0x010400","ToDevice","105"
"134287964851693198","0x10","WRITE","3","0x010401","ToDevice","280"
"134287964851696348","0x10","WRITE","4","0x03400B2F","ToDevice","99"
"134287964851699035","0x10","WRITE","4","0x020202A7","ToDevice","43"
"134287964851702447","0x10","WRITE","4","0x02000000","ToDevice","104"
"134287964851706388","0x10","WRITE","4","0x02040020","ToDevice","78"
"134287964851709384","0x10","WRITE","4","0x020E0100","ToDevice","113"
"134287964851712448","0x10","WRITE","3","0x010400","ToDevice","88"
"134287964852029348","0x10","WRITE","3","0x010401","ToDevice","204"
"134287964852032702","0x10","WRITE","4","0x03400B2F","ToDevice","99"
"134287964852036668","0x10","WRITE","4","0x020203D0","ToDevice","104"
"134287964852039908","0x10","WRITE","4","0x02000000","ToDevice","85"
"134287964852042995","0x10","WRITE","4","0x02040020","ToDevice","84"
"134287964852046066","0x10","WRITE","4","0x020E0100","ToDevice","84"
"134287964852049003","0x10","WRITE","3","0x010400","ToDevice","84"
"134287964853370696","0x10","WRITE","3","0x010401","ToDevice","215"
"134287964853374662","0x10","WRITE","4","0x03400B2F","ToDevice","118"
"134287964853378193","0x10","WRITE","4","0x020208B9","ToDevice","88"
"134287964853381168","0x10","WRITE","4","0x02000000","ToDevice","85"
"134287964853385351","0x10","WRITE","4","0x02040020","ToDevice","34"
"134287964853388718","0x10","WRITE","4","0x020E0100","ToDevice","94"
"134287964853391678","0x10","WRITE","3","0x010400","ToDevice","28"
"134287964853705028","0x10","WRITE","3","0x010401","ToDevice","206"
"134287964853708076","0x10","WRITE","4","0x03400B7C","ToDevice","103"
"134287964853711840","0x10","WRITE","4","0x02020B7A","ToDevice","91"
"134287964853714972","0x10","WRITE","4","0x02000000","ToDevice","80"
"134287964853718888","0x10","WRITE","4","0x02040026","ToDevice","82"
"134287964853722917","0x10","WRITE","4","0x020E0100","ToDevice","74"
"134287964853726630","0x10","WRITE","3","0x010400","ToDevice","81"
"134287964854042407","0x10","WRITE","3","0x010401","ToDevice","204"
"134287964854047210","0x10","WRITE","4","0x03400B33","ToDevice","80"
"134287964854051061","0x10","WRITE","4","0x02020B31","ToDevice","78"
"134287964854054652","0x10","WRITE","4","0x02000000","ToDevice","76"
"134287964854058612","0x10","WRITE","4","0x02040035","ToDevice","70"
"134287964854063796","0x10","WRITE","4","0x020E0100","ToDevice","70"
"134287964854067862","0x10","WRITE","3","0x010400","ToDevice","61"
"134287964854385176","0x10","WRITE","3","0x010401","ToDevice","191"
"134287964854388548","0x10","WRITE","4","0x03400B51","ToDevice","99"
"134287964854392308","0x10","WRITE","4","0x02020B4F","ToDevice","81"
"134287964854395885","0x10","WRITE","4","0x02000000","ToDevice","78"
"134287964854400765","0x10","WRITE","4","0x0204003C","ToDevice","70"
"134287964854405923","0x10","WRITE","4","0x020E0100","ToDevice","71"
"134287964854409308","0x10","WRITE","3","0x010400","ToDevice","71"
"134287964854720853","0x10","WRITE","3","0x010401","ToDevice","192"
"134287964854723975","0x10","WRITE","4","0x03400B3E","ToDevice","106"
"134287964854728372","0x10","WRITE","4","0x02020B3C","ToDevice","78"
"134287964854731555","0x10","WRITE","4","0x02000000","ToDevice","74"
"134287964854735398","0x10","WRITE","4","0x02040044","ToDevice","72"
"134287964854739532","0x10","WRITE","4","0x020E0100","ToDevice","78"
"134287964854743317","0x10","WRITE","3","0x010400","ToDevice","77"
"134287964855060116","0x10","WRITE","3","0x010401","ToDevice","220"
"134287964855063184","0x10","WRITE","4","0x03400B56","ToDevice","144"
"134287964855067348","0x10","WRITE","4","0x02020B54","ToDevice","156"
"134287964855071046","0x10","WRITE","4","0x02000000","ToDevice","128"
"134287964855075848","0x10","WRITE","4","0x0204004B","ToDevice","84"
"134287964855079110","0x10","WRITE","4","0x020E0100","ToDevice","81"
"134287964855083079","0x10","WRITE","3","0x010400","ToDevice","70"
"134287964855397612","0x10","WRITE","3","0x010401","ToDevice","328"
"134287964855401614","0x10","WRITE","4","0x03400B3C","ToDevice","128"
"134287964855406329","0x10","WRITE","4","0x02020B3A","ToDevice","207"
"134287964855411096","0x10","WRITE","4","0x02000000","ToDevice","172"
"134287964855415153","0x10","WRITE","4","0x0204005D","ToDevice","112"
"134287964855418652","0x10","WRITE","4","0x020E0100","ToDevice","144"
"134287964855423036","0x10","WRITE","3","0x010400","ToDevice","149"
"134287964855735914","0x10","WRITE","3","0x010401","ToDevice","199"
"134287964855739767","0x10","WRITE","4","0x03400B45","ToDevice","90"
"134287964855743529","0x10","WRITE","4","0x02020B43","ToDevice","158"
"134287964855747594","0x10","WRITE","4","0x02000000","ToDevice","72"
"134287964855752652","0x10","WRITE","4","0x0204006E","ToDevice","72"
"134287964855757523","0x10","WRITE","4","0x020E0100","ToDevice","76"
"134287964855761761","0x10","WRITE","3","0x010400","ToDevice","73"
"134287964856074266","0x10","WRITE","3","0x010401","ToDevice","206"
"134287964856077398","0x10","WRITE","4","0x03400B35","ToDevice","104"
"134287964856080837","0x10","WRITE","4","0x02020B33","ToDevice","92"
"134287964856085119","0x10","WRITE","4","0x02000000","ToDevice","126"
"134287964856089987","0x10","WRITE","4","0x02040080","ToDevice","70"
"134287964856094598","0x10","WRITE","4","0x020E0100","ToDevice","70"
"134287964856098742","0x10","WRITE","3","0x010400","ToDevice","61"
"134287964856412242","0x10","WRITE","3","0x010401","ToDevice","235"
"134287964856415714","0x10","WRITE","4","0x03400B40","ToDevice","132"
"134287964856420985","0x10","WRITE","4","0x02020B3E","ToDevice","133"
"134287964856425629","0x10","WRITE","4","0x02000000","ToDevice","160"
"134287964856429877","0x10","WRITE","4","0x02040091","ToDevice","96"
"134287964856434428","0x10","WRITE","4","0x020E0100","ToDevice","95"
"134287964856438101","0x10","WRITE","3","0x010400","ToDevice","104"
"134287964856749256","0x10","WRITE","3","0x010401","ToDevice","387"
"134287964856754137","0x10","WRITE","4","0x03400B37","ToDevice","243"
"134287964856758360","0x10","WRITE","4","0x02020B35","ToDevice","201"
"134287964856763927","0x10","WRITE","4","0x02000000","ToDevice","163"
"134287964856769280","0x10","WRITE","4","0x020400A3","ToDevice","172"
"134287964856775127","0x10","WRITE","4","0x020E0100","ToDevice","228"
"134287964856780729","0x10","WRITE","3","0x010400","ToDevice","186"
"134287964857085533","0x10","WRITE","3","0x010401","ToDevice","265"
"134287964857089823","0x10","WRITE","4","0x03400B3F","ToDevice","153"
"134287964857095121","0x10","WRITE","4","0x02020B3D","ToDevice","113"
"134287964857100710","0x10","WRITE","4","0x02000000","ToDevice","134"
"134287964857105305","0x10","WRITE","4","0x020400B4","ToDevice","137"
"134287964857109950","0x10","WRITE","4","0x020E0100","ToDevice","119"
"134287964857113552","0x10","WRITE","3","0x010400","ToDevice","93"
"134287964857418884","0x10","WRITE","3","0x010401","ToDevice","191"
"134287964857421775","0x10","WRITE","4","0x03400B39","ToDevice","210"
"134287964857425298","0x10","WRITE","4","0x02020B37","ToDevice","89"
"134287964857428429","0x10","WRITE","4","0x02000000","ToDevice","72"
"134287964857433383","0x10","WRITE","4","0x020400C5","ToDevice","73"
"134287964857437022","0x10","WRITE","4","0x020E0100","ToDevice","86"
"134287964857441047","0x10","WRITE","3","0x010400","ToDevice","86"
"134287964857758589","0x10","WRITE","3","0x010401","ToDevice","304"
"134287964857762775","0x10","WRITE","4","0x03400B33","ToDevice","140"
"134287964857768812","0x10","WRITE","4","0x02020B31","ToDevice","171"
"134287964857773171","0x10","WRITE","4","0x02000000","ToDevice","140"
"134287964857777677","0x10","WRITE","4","0x020400D6","ToDevice","121"
"134287964857781888","0x10","WRITE","4","0x020E0100","ToDevice","108"
"134287964857785999","0x10","WRITE","3","0x010400","ToDevice","86"
"134287964858095022","0x10","WRITE","3","0x010401","ToDevice","296"
"134287964858100223","0x10","WRITE","4","0x03400B3B","ToDevice","345"
"134287964858105557","0x10","WRITE","4","0x02020B39","ToDevice","189"
"134287964858111427","0x10","WRITE","4","0x02000000","ToDevice","221"
"134287964858116772","0x10","WRITE","4","0x020400E6","ToDevice","184"
"134287964858121379","0x10","WRITE","4","0x020E0100","ToDevice","149"
"134287964858125061","0x10","WRITE","3","0x010400","ToDevice","147"
"134287964858431009","0x10","WRITE","3","0x010401","ToDevice","311"
"134287964858435349","0x10","WRITE","4","0x03400B3B","ToDevice","225"
"134287964858441097","0x10","WRITE","4","0x02020B39","ToDevice","239"
"134287964858446689","0x10","WRITE","4","0x02000000","ToDevice","220"
"134287964858450729","0x10","WRITE","4","0x020400F3","ToDevice","179"
"134287964858454923","0x10","WRITE","4","0x020E0100","ToDevice","151"
"134287964858458872","0x10","WRITE","3","0x010400","ToDevice","129"
"134287964858767113","0x10","WRITE","3","0x010401","ToDevice","426"
"134287964858773976","0x10","WRITE","4","0x03400B3A","ToDevice","784"
"134287964858780573","0x10","WRITE","4","0x02020B38","ToDevice","416"
"134287964858786687","0x10","WRITE","4","0x02000000","ToDevice","261"
"134287964858791343","0x10","WRITE","4","0x02040100","ToDevice","245"
"134287964858795554","0x10","WRITE","4","0x020E0100","ToDevice","234"
"134287964858800406","0x10","WRITE","3","0x010400","ToDevice","207"
"134287964859102267","0x10","WRITE","3","0x010401","ToDevice","250"
"134287964859105687","0x10","WRITE","4","0x03400B3A","ToDevice","107"
"134287964859112292","0x10","WRITE","4","0x02020B38","ToDevice","147"
"134287964859116265","0x10","WRITE","4","0x02000000","ToDevice","172"
"134287964859120931","0x10","WRITE","4","0x0204010D","ToDevice","177"
"134287964859125468","0x10","WRITE","4","0x020E0100","ToDevice","133"
"134287964859130221","0x10","WRITE","3","0x010400","ToDevice","79"
"134287964859437504","0x10","WRITE","3","0x010401","ToDevice","190"
"134287964859440328","0x10","WRITE","4","0x03400B39","ToDevice","142"
"134287964859443904","0x10","WRITE","4","0x02020B37","ToDevice","91"
"134287964859447186","0x10","WRITE","4","0x02000000","ToDevice","113"
"134287964859451333","0x10","WRITE","4","0x02040115","ToDevice","76"
"134287964859455378","0x10","WRITE","4","0x020E0100","ToDevice","118"
"134287964859458230","0x10","WRITE","3","0x010400","ToDevice","73"
"134287964859774886","0x10","WRITE","3","0x010401","ToDevice","191"
"134287964859778609","0x10","WRITE","4","0x03400B37","ToDevice","110"
"134287964859782303","0x10","WRITE","4","0x02020B35","ToDevice","80"
"134287964859785996","0x10","WRITE","4","0x02000000","ToDevice","75"
"134287964859789949","0x10","WRITE","4","0x0204011D","ToDevice","74"
"134287964859793894","0x10","WRITE","4","0x020E0100","ToDevice","72"
"134287964859798003","0x10","WRITE","3","0x010400","ToDevice","65"
"134287964860111792","0x10","WRITE","3","0x010401","ToDevice","307"
"134287964860116658","0x10","WRITE","4","0x03400B36","ToDevice","237"
"134287964860122022","0x10","WRITE","4","0x02020B34","ToDevice","407"
"134287964860126484","0x10","WRITE","4","0x02000000","ToDevice","179"
"134287964860131328","0x10","WRITE","4","0x02040125","ToDevice","140"
"134287964860136891","0x10","WRITE","4","0x020E0100","ToDevice","125"
"134287964860141965","0x10","WRITE","3","0x010400","ToDevice","128"
"134287964860447346","0x10","WRITE","3","0x010401","ToDevice","212"
"134287964860450331","0x10","WRITE","4","0x03400B37","ToDevice","90"
"134287964860454030","0x10","WRITE","4","0x02020B35","ToDevice","92"
"134287964860458101","0x10","WRITE","4","0x02000000","ToDevice","76"
"134287964860462912","0x10","WRITE","4","0x02040129","ToDevice","71"
"134287964860467537","0x10","WRITE","4","0x020E0100","ToDevice","72"
"134287964860471522","0x10","WRITE","3","0x010400","ToDevice","70"
"134287964860782790","0x10","WRITE","3","0x010401","ToDevice","204"
"134287964860787332","0x10","WRITE","4","0x03400B38","ToDevice","137"
"134287964860791256","0x10","WRITE","4","0x02020B36","ToDevice","104"
"134287964860795106","0x10","WRITE","4","0x02000000","ToDevice","78"
"134287964860798951","0x10","WRITE","4","0x0204012D","ToDevice","80"
"134287964860802670","0x10","WRITE","4","0x020E0100","ToDevice","241"
"134287964860805839","0x10","WRITE","3","0x010400","ToDevice","78"
"134287964861119090","0x10","WRITE","3","0x010401","ToDevice","182"
"134287964861125736","0x10","WRITE","4","0x03400B39","ToDevice","82"
"134287964861128599","0x10","WRITE","4","0x02020B37","ToDevice","68"
"134287964861131908","0x10","WRITE","4","0x02000000","ToDevice","70"
"134287964861135232","0x10","WRITE","4","0x02040131","ToDevice","69"
"134287964861138611","0x10","WRITE","4","0x020E0100","ToDevice","71"
"134287964861142039","0x10","WRITE","3","0x010400","ToDevice","69"
"134287964861455248","0x10","WRITE","3","0x010401","ToDevice","254"
"134287964861458808","0x10","WRITE","4","0x03400B35","ToDevice","173"
"134287964861462730","0x10","WRITE","4","0x02020B33","ToDevice","191"
"134287964861466228","0x10","WRITE","4","0x02000000","ToDevice","178"
"134287964861469249","0x10","WRITE","4","0x02040134","ToDevice","304"
"134287964861472181","0x10","WRITE","4","0x020E0100","ToDevice","77"
"134287964861474947","0x10","WRITE","3","0x010400","ToDevice","73"
"134287964861792426","0x10","WRITE","3","0x010401","ToDevice","288"
"134287964861796431","0x10","WRITE","4","0x03400B3A","ToDevice","80"
"134287964861800548","0x10","WRITE","4","0x02020B38","ToDevice","71"
"134287964861804030","0x10","WRITE","4","0x02000000","ToDevice","86"
"134287964861807731","0x10","WRITE","4","0x02040136","ToDevice","71"
"134287964861810827","0x10","WRITE","4","0x020E0100","ToDevice","70"
"134287964861814446","0x10","WRITE","3","0x010400","ToDevice","82"
"134287964862128735","0x10","WRITE","3","0x010401","ToDevice","196"
"134287964862132865","0x10","WRITE","4","0x03400B36","ToDevice","102"
"134287964862136493","0x10","WRITE","4","0x02020B34","ToDevice","63"
"134287964862140595","0x10","WRITE","4","0x02000000","ToDevice","73"
"134287964862145526","0x10","WRITE","4","0x02040139","ToDevice","72"
"134287964862150469","0x10","WRITE","4","0x020E0100","ToDevice","69"
"134287964862154318","0x10","WRITE","3","0x010400","ToDevice","72"
"134287964862465452","0x10","WRITE","3","0x010401","ToDevice","266"
"134287964862469442","0x10","WRITE","4","0x03400B36","ToDevice","152"
"134287964862475044","0x10","WRITE","4","0x02020B34","ToDevice","280"
"134287964862480429","0x10","WRITE","4","0x02000000","ToDevice","122"
"134287964862486191","0x10","WRITE","4","0x0204013A","ToDevice","117"
"134287964862491915","0x10","WRITE","4","0x020E0100","ToDevice","115"
"134287964862496667","0x10","WRITE","3","0x010400","ToDevice","104"
"134287964862801845","0x10","WRITE","3","0x010401","ToDevice","415"
"134287964862807645","0x10","WRITE","4","0x03400B36","ToDevice","183"
"134287964862812777","0x10","WRITE","4","0x02020B34","ToDevice","204"
"134287964862818324","0x10","WRITE","4","0x02000000","ToDevice","168"
"134287964862823802","0x10","WRITE","4","0x0204013B","ToDevice","115"
"134287964862828136","0x10","WRITE","4","0x020E0100","ToDevice","103"
"134287964862832323","0x10","WRITE","3","0x010400","ToDevice","88"
"134287964862957642","0x72","WRITE","3","0x8401B1","ToDevice","472"
"134287964863136408","0x10","WRITE","3","0x010401","ToDevice","241"
"134287964863140596","0x10","WRITE","4","0x03400B36","ToDevice","187"
"134287964863144817","0x10","WRITE","4","0x02020B34","ToDevice","148"
"134287964863149201","0x10","WRITE","4","0x02000000","ToDevice","124"
"134287964863152946","0x10","WRITE","4","0x0204013C","ToDevice","105"
"134287964863157218","0x10","WRITE","4","0x020E0100","ToDevice","91"
"134287964863162256","0x10","WRITE","3","0x010400","ToDevice","83"
"134287964863967392","0x72","WRITE","3","0x8401E8","ToDevice","451"
"134287964864818650","0x10","WRITE","3","0x010401","ToDevice","339"
"134287964864823365","0x10","WRITE","4","0x03400B35","ToDevice","192"
"134287964864829526","0x10","WRITE","4","0x02020B33","ToDevice","241"
"134287964864834858","0x10","WRITE","4","0x02000000","ToDevice","180"
"134287964864840690","0x10","WRITE","4","0x0204013C","ToDevice","154"
"134287964864845157","0x10","WRITE","4","0x020E0100","ToDevice","153"
"134287964864850788","0x10","WRITE","3","0x010400","ToDevice","164"
"134287964864972517","0x72","WRITE","3","0x840215","ToDevice","286"
"134287964865980217","0x72","WRITE","3","0x84023D","ToDevice","336"
"134287964866984053","0x72","WRITE","3","0x840262","ToDevice","272"
"134287964867992948","0x72","WRITE","3","0x840280","ToDevice","282"
"134287964869012472","0x72","WRITE","3","0x8402A7","ToDevice","472"
"134287964870017723","0x72","WRITE","3","0x8402D1","ToDevice","453"
"134287964871014524","0x72","WRITE","3","0x8402F1","ToDevice","196"
"134287964872036843","0x72","WRITE","3","0x840311","ToDevice","603"
"134287964873045468","0x72","WRITE","3","0x84032F","ToDevice","466"
"134287964874053743","0x72","WRITE","3","0x84034D","ToDevice","478"
"134287964875059201","0x72","WRITE","3","0x840339","ToDevice","457"
"134287964906928121","0x10","WRITE","3","0x03400B30","ToDevice","6805"
"134287964906935387","0x10","WRITE","4","0x03400B30","ToDevice","461"
"134287964906941918","0x10","WRITE","4","0x02020B2E","ToDevice","276"
"134287964906948550","0x10","WRITE","4","0x02000000","ToDevice","218"
"134287964906953535","0x10","WRITE","4","0x0204013B","ToDevice","209"
"134287964906958400","0x10","WRITE","4","0x020E0101","ToDevice","201"
"134287964906963876","0x10","WRITE","3","0x010400","ToDevice","201"
"134287964910493868","0x10","WRITE","3","0x010401","ToDevice","628"
"134287964910499545","0x10","WRITE","4","0x03400B30","ToDevice","345"
"134287964910505506","0x10","WRITE","4","0x02020B2E","ToDevice","356"
"134287964910512192","0x10","WRITE","4","0x02000000","ToDevice","264"
"134287964910519604","0x10","WRITE","4","0x0204013C","ToDevice","260"
"134287964910527009","0x10","WRITE","4","0x020E0100","ToDevice","228"
"134287964910532875","0x10","WRITE","3","0x010400","ToDevice","228"
"134287964931949424","0x10","WRITE","3","0x010401","ToDevice","259"
"134287964931953784","0x10","WRITE","4","0x03400B30","ToDevice","103"
"134287964931956886","0x10","WRITE","4","0x02020B2E","ToDevice","93"
"134287964931959893","0x10","WRITE","4","0x02000000","ToDevice","114"
"134287964931963349","0x10","WRITE","4","0x02040139","ToDevice","106"
"134287964931966804","0x10","WRITE","4","0x020E0101","ToDevice","85"
"134287964931970391","0x10","WRITE","3","0x010400","ToDevice","91"
"134287964932283115","0x10","WRITE","3","0x010401","ToDevice","228"
"134287964932286387","0x10","WRITE","4","0x03400B30","ToDevice","121"
"134287964932289948","0x10","WRITE","4","0x02020B2E","ToDevice","142"
"134287964932293519","0x10","WRITE","4","0x02000000","ToDevice","89"
"134287964932296964","0x10","WRITE","4","0x02040139","ToDevice","81"
"134287964932300575","0x10","WRITE","4","0x020E0100","ToDevice","89"
"134287964932303909","0x10","WRITE","3","0x010400","ToDevice","81"
"134287964932619972","0x10","WRITE","3","0x010401","ToDevice","240"
"134287964932623428","0x10","WRITE","4","0x03400B30","ToDevice","105"
"134287964932627321","0x10","WRITE","4","0x02020B2E","ToDevice","125"
"134287964932631207","0x10","WRITE","4","0x02000000","ToDevice","88"
"134287964932635163","0x10","WRITE","4","0x02040134","ToDevice","100"
"134287964932638894","0x10","WRITE","4","0x020E0101","ToDevice","96"
"134287964932642268","0x10","WRITE","3","0x010400","ToDevice","80"
"134287964932954171","0x10","WRITE","3","0x010401","ToDevice","216"
"134287964932958543","0x10","WRITE","4","0x03400B30","ToDevice","149"
"134287964932962266","0x10","WRITE","4","0x02020B2E","ToDevice","96"
"134287964932966424","0x10","WRITE","4","0x02000000","ToDevice","138"
"134287964932970319","0x10","WRITE","4","0x02040132","ToDevice","152"
"134287964932974641","0x10","WRITE","4","0x020E0101","ToDevice","137"
"134287964932978188","0x10","WRITE","3","0x010400","ToDevice","86"
"134287964933290153","0x10","WRITE","3","0x010401","ToDevice","233"
"134287964933293196","0x10","WRITE","4","0x03400B30","ToDevice","118"
"134287964933296505","0x10","WRITE","4","0x02020B2E","ToDevice","75"
"134287964933299395","0x10","WRITE","4","0x02000000","ToDevice","121"
"134287964933302970","0x10","WRITE","4","0x02040132","ToDevice","88"
"134287964933306460","0x10","WRITE","4","0x020E0100","ToDevice","87"
"134287964933310196","0x10","WRITE","3","0x010400","ToDevice","86"
"134287964933624878","0x10","WRITE","3","0x010401","ToDevice","215"
"134287964933627935","0x10","WRITE","4","0x03400B30","ToDevice","66"
"134287964933632660","0x10","WRITE","4","0x02020B2E","ToDevice","93"
"134287964933636485","0x10","WRITE","4","0x02000000","ToDevice","43"
"134287964933639656","0x10","WRITE","4","0x0204012F","ToDevice","29"
"134287964933642592","0x10","WRITE","4","0x020E0100","ToDevice","29"
"134287964933645450","0x10","WRITE","3","0x010400","ToDevice","30"
"134287964933959677","0x10","WRITE","3","0x010401","ToDevice","305"
"134287964933964091","0x10","WRITE","4","0x03400B30","ToDevice","164"
"134287964933968623","0x10","WRITE","4","0x02020B2E","ToDevice","156"
"134287964933972151","0x10","WRITE","4","0x02000000","ToDevice","130"
"134287964933976560","0x10","WRITE","4","0x0204012D","ToDevice","118"
"134287964933981589","0x10","WRITE","4","0x020E0100","ToDevice","103"
"134287964933986861","0x10","WRITE","3","0x010400","ToDevice","91"
"134287964934295575","0x10","WRITE","3","0x010401","ToDevice","368"
"134287964934300753","0x10","WRITE","4","0x03400B30","ToDevice","226"
"134287964934305513","0x10","WRITE","4","0x02020B2E","ToDevice","203"
"134287964934309903","0x10","WRITE","4","0x02000000","ToDevice","145"
"134287964934315162","0x10","WRITE","4","0x02040129","ToDevice","128"
"134287964934320197","0x10","WRITE","4","0x020E0101","ToDevice","106"
"134287964934324184","0x10","WRITE","3","0x010400","ToDevice","268"
"134287964934631552","0x10","WRITE","3","0x010401","ToDevice","239"
"134287964934635410","0x10","WRITE","4","0x03400B30","ToDevice","137"
"134287964934638940","0x10","WRITE","4","0x02020B2E","ToDevice","114"
"134287964934642868","0x10","WRITE","4","0x02000000","ToDevice","112"
"134287964934647898","0x10","WRITE","4","0x02040126","ToDevice","101"
"134287964934653004","0x10","WRITE","4","0x020E0101","ToDevice","91"
"134287964934657846","0x10","WRITE","3","0x010400","ToDevice","82"
"134287964934966735","0x10","WRITE","3","0x010401","ToDevice","213"
"134287964934969725","0x10","WRITE","4","0x03400B30","ToDevice","97"
"134287964934973625","0x10","WRITE","4","0x02020B2E","ToDevice","135"
"134287964934978065","0x10","WRITE","4","0x02000000","ToDevice","91"
"134287964934982027","0x10","WRITE","4","0x02040125","ToDevice","70"
"134287964934986278","0x10","WRITE","4","0x020E0100","ToDevice","77"
"134287964934989978","0x10","WRITE","3","0x010400","ToDevice","273"
"134287964935301095","0x10","WRITE","3","0x010401","ToDevice","327"
"134287964935306175","0x10","WRITE","4","0x03400B30","ToDevice","205"
"134287964935311667","0x10","WRITE","4","0x02020B2E","ToDevice","221"
"134287964935317097","0x10","WRITE","4","0x02000000","ToDevice","135"
"134287964935321441","0x10","WRITE","4","0x02040122","ToDevice","118"
"134287964935326940","0x10","WRITE","4","0x020E0100","ToDevice","106"
"134287964935331038","0x10","WRITE","3","0x010400","ToDevice","286"
"134287964935659645","0x10","WRITE","3","0x010401","ToDevice","396"
"134287964935679957","0x10","WRITE","4","0x03400B30","ToDevice","113"
"134287964935688409","0x10","WRITE","4","0x02020B2E","ToDevice","79"
"134287964935693089","0x10","WRITE","4","0x02000000","ToDevice","69"
"134287964935698082","0x10","WRITE","4","0x0204011E","ToDevice","59"
"134287964935702118","0x10","WRITE","4","0x020E0101","ToDevice","61"
"134287964935705607","0x10","WRITE","3","0x010400","ToDevice","61"
"134287964935971943","0x10","WRITE","3","0x010401","ToDevice","273"
"134287964935976807","0x10","WRITE","4","0x03400B30","ToDevice","157"
"134287964935981122","0x10","WRITE","4","0x02020B2E","ToDevice","175"
"134287964935986114","0x10","WRITE","4","0x02000000","ToDevice","122"
"134287964935991080","0x10","WRITE","4","0x0204011B","ToDevice","99"
"134287964935995882","0x10","WRITE","4","0x020E0102","ToDevice","95"
"134287964936000475","0x10","WRITE","3","0x010400","ToDevice","78"
"134287964936306921","0x10","WRITE","3","0x010401","ToDevice","195"
"134287964936310418","0x10","WRITE","4","0x03400B30","ToDevice","93"
"134287964936313828","0x10","WRITE","4","0x02020B2E","ToDevice","85"
"134287964936317929","0x10","WRITE","4","0x02000000","ToDevice","82"
"134287964936322428","0x10","WRITE","4","0x0204011A","ToDevice","67"
"134287964936327098","0x10","WRITE","4","0x020E0100","ToDevice","68"
"134287964936332402","0x10","WRITE","3","0x010400","ToDevice","70"
"134287964936643529","0x10","WRITE","3","0x010401","ToDevice","293"
"134287964936647289","0x10","WRITE","4","0x03400B30","ToDevice","183"
"134287964936653469","0x10","WRITE","4","0x02020B2E","ToDevice","199"
"134287964936658934","0x10","WRITE","4","0x02000000","ToDevice","171"
"134287964936664146","0x10","WRITE","4","0x02040117","ToDevice","232"
"134287964936669430","0x10","WRITE","4","0x020E0101","ToDevice","129"
"134287964936674580","0x10","WRITE","3","0x010400","ToDevice","125"
"134287964936978598","0x10","WRITE","3","0x010401","ToDevice","484"
"134287964936985241","0x10","WRITE","4","0x03400B30","ToDevice","337"
"134287964936991738","0x10","WRITE","4","0x02020B2E","ToDevice","264"
"134287964936997818","0x10","WRITE","4","0x02000000","ToDevice","236"
"134287964937005078","0x10","WRITE","4","0x02040117","ToDevice","231"
"134287964937011842","0x10","WRITE","4","0x020E0100","ToDevice","229"
"134287964937018844","0x10","WRITE","3","0x010400","ToDevice","203"
"134287964937312847","0x10","WRITE","3","0x010401","ToDevice","322"
"134287964937319305","0x10","WRITE","4","0x03400B30","ToDevice","228"
"134287964937325005","0x10","WRITE","4","0x02020B2E","ToDevice","268"
"134287964937330604","0x10","WRITE","4","0x02000000","ToDevice","154"
"134287964937335725","0x10","WRITE","4","0x02040114","ToDevice","153"
"134287964937339600","0x10","WRITE","4","0x020E0101","ToDevice","170"
"134287964937344222","0x10","WRITE","3","0x010400","ToDevice","146"
"134287964938654190","0x10","WRITE","3","0x010401","ToDevice","199"
"134287964938657930","0x10","WRITE","4","0x03400B30","ToDevice","133"
"134287964938662983","0x10","WRITE","4","0x02020B2E","ToDevice","129"
"134287964938667999","0x10","WRITE","4","0x02000000","ToDevice","132"
"134287964938671328","0x10","WRITE","4","0x02040116","ToDevice","71"
"134287964938675058","0x10","WRITE","4","0x020E0100","ToDevice","69"
"134287964938679666","0x10","WRITE","3","0x010400","ToDevice","70"
"134287964939325491","0x10","WRITE","3","0x010401","ToDevice","202"
"134287964939329426","0x10","WRITE","4","0x03400B30","ToDevice","96"
"134287964939333295","0x10","WRITE","4","0x02020B2E","ToDevice","62"
"134287964939337171","0x10","WRITE","4","0x02000000","ToDevice","368"
"134287964939341127","0x10","WRITE","4","0x02040115","ToDevice","81"
"134287964939345067","0x10","WRITE","4","0x020E0101","ToDevice","81"
"134287964939349508","0x10","WRITE","3","0x010400","ToDevice","94"
"134287964941004478","0x10","WRITE","3","0x010401","ToDevice","583"
"134287964941011196","0x10","WRITE","4","0x03400B30","ToDevice","375"
"134287964941018824","0x10","WRITE","4","0x02020B2E","ToDevice","294"
"134287964941024813","0x10","WRITE","4","0x02000000","ToDevice","276"
"134287964941030474","0x10","WRITE","4","0x02040116","ToDevice","240"
"134287964941036817","0x10","WRITE","4","0x020E0100","ToDevice","217"
"134287964941042494","0x10","WRITE","3","0x010400","ToDevice","218"
